<?xml version="1.0" encoding="utf-8" ?>
<GOODCOM>
  <Elements base="24">
    <Element id="0" format="goodcom">
      <Data>
        <Int8 value="#" />
        <Int8 value="" />
        <Int8 value="0" />
        <Int8 value="0" />
        <Int8 value="0" />
        <Int8 value="0" />
        <Int8 value="0" />
        <Int8 value="0" />
        <Int8 value="0" />
        <Int8 value="" />
        <Int8 value="7" />
      </Data>
    </Element>
    <Element id="1" format="goodcom">
      <Data>
        <Int8 value="*" />
        <Int8 value="" />
        <Int8 value="0" />
        <Int8 value="0" />
        <Int8 value="1" />
        <Int8 value="0" />
        <Int8 value="1" />
        <Int8 value="0" />
        <Int8 value="0" />
        <Int8 value="13" />
        <Int8 value="0" />
      </Data>
    </Element>
    <Element id="2" format="goodcom">
      <Data>
        <Int8 value="*" />
        <Int8 value="" />
        <Int8 value="0" />
        <Int8 value="1" />
        <Int8 value="0" />
        <Int8 value="0" />
        <Int8 value="0" />
        <Int8 value="0" />
        <Int8 value="0" />
        <Int8 value="1" />
        <Int8 value="4" />
      </Data>
    </Element>
    <Element id="3" format="goodcom">
      <Data>
        <Int8 value="*" />
        <Int8 value="\s\r-------------------------\rOrder No:" />
        <Int8 value="0" />
        <Int8 value="0" />
        <Int8 value="1" />
        <Int8 value="0" />
        <Int8 value="0" />
        <Int8 value="0" />
        <Int8 value="0" />
        <Int8 value="10003" />
        <Int8 value="8" />
      </Data>
    </Element>
    <Element id="4" format="goodcom">
      <Data>
        <Int8 value="*" />
        <Int8 value="\s\r" />
        <Int8 value="3" />
        <Int8 value="0" />
        <Int8 value="0" />
        <Int8 value="0" />
        <Int8 value="0" />
        <Int8 value="1" />
        <Int8 value="0" />
        <Int8 value="" />
        <Int8 value="4" />
      </Data>
    </Element>
    <Element id="16" format="goodcom">
      <Data>
        <Int8 value=";" />
        <Int8 value="\r" />
        <Int8 value="0" />
        <Int8 value="0" />
        <Int8 value="0" />
        <Int8 value="0" />
        <Int8 value="0" />
        <Int8 value="0" />
        <Int8 value="5" />
        <Int8 value="1" />
        <Int8 value="5" />
      </Data>
    </Element>
    <Element id="17" format="goodcom">
      <Data>
        <Int8 value=";" />
        <Int8 value="\aX\a" />
        <Int8 value="0" />
        <Int8 value="0" />
        <Int8 value="0" />
        <Int8 value="0" />
        <Int8 value="0" />
        <Int8 value="0" />
        <Int8 value="5" />
        <Int8 value="Chiken" />
        <Int8 value="7" />
      </Data>
    </Element>
    <Element id="18" format="goodcom">
      <Data>
        <Int8 value=";" />
        <Int8 value="\a" />
        <Int8 value="0" />
        <Int8 value="0" />
        <Int8 value="0" />
        <Int8 value="1" />
        <Int8 value="0" />
        <Int8 value="0" />
        <Int8 value="5" />
        <Int8 value="3.00" />
        <Int8 value="11" />
      </Data>
    </Element>
    <Element id="5" format="goodcom">
      <Data>
        <Int8 value="*" />
        <Int8 value="\r-------------------------\rDelivery Chg:" />
        <Int8 value="0" />
        <Int8 value="0" />
        <Int8 value="0" />
        <Int8 value="0" />
        <Int8 value="0" />
        <Int8 value="0" />
        <Int8 value="0" />
        <Int8 value="0" />
        <Int8 value="2" />
      </Data>
    </Element>
    <Element id="6" format="goodcom">
      <Data>
        <Int8 value="*" />
        <Int8 value="\r" />
        <Int8 value="10" />
        <Int8 value="0" />
        <Int8 value="0" />
        <Int8 value="0" />
        <Int8 value="0" />
        <Int8 value="2" />
        <Int8 value="0" />
        <Int8 value="" />
        <Int8 value="6" />
      </Data>
    </Element>
    <Element id="32" format="goodcom">
      <Data>
        <Int8 value=";" />
        <Int8 value="\rCC+Han fees:" />
        <Int8 value="0" />
        <Int8 value="0" />
        <Int8 value="0" />
        <Int8 value="0" />
        <Int8 value="0" />
        <Int8 value="0" />
        <Int8 value="7" />
        <Int8 value="0" />
        <Int8 value="4" />
      </Data>
    </Element>
    <Element id="33" format="goodcom">
      <Data>
        <Int8 value=";" />
        <Int8 value="\rTotal:" />
        <Int8 value="0" />
        <Int8 value="0" />
        <Int8 value="0" />
        <Int8 value="0" />
        <Int8 value="0" />
        <Int8 value="0" />
        <Int8 value="7" />
        <Int8 value="29.10" />
        <Int8 value="13" />
      </Data>
    </Element>
    <Element id="34" format="goodcom">
      <Data>
        <Int8 value=";" />
        <Int8 value="\s\r---------------------\rCus Info:" />
        <Int8 value="0" />
        <Int8 value="1" />
        <Int8 value="0" />
        <Int8 value="0" />
        <Int8 value="0" />
        <Int8 value="0" />
        <Int8 value="7" />
        <Int8 value="4" />
        <Int8 value="2" />
      </Data>
    </Element>
    <Element id="35" format="goodcom">
      <Data>
        <Int8 value=";" />
        <Int8 value="\r" />
        <Int8 value="0" />
        <Int8 value="0" />
        <Int8 value="0" />
        <Int8 value="0" />
        <Int8 value="0" />
        <Int8 value="0" />
        <Int8 value="7" />
        <Int8 value="Tom" />
        <Int8 value="16" />
      </Data>
    </Element>
    <Element id="36" format="goodcom">
      <Data>
        <Int8 value=";" />
        <Int8 value="\r" />
        <Int8 value="0" />
        <Int8 value="0" />
        <Int8 value="0" />
        <Int8 value="0" />
        <Int8 value="0" />
        <Int8 value="0" />
        <Int8 value="7" />
        <Int8 value="Address of the Customer" />
        <Int8 value="15" />
      </Data>
    </Element>
    <Element id="37" format="goodcom">
      <Data>
        <Int8 value=";" />
        <Int8 value="\r---------------------\rRequested for:\s\r" />
        <Int8 value="0" />
        <Int8 value="0" />
        <Int8 value="0" />
        <Int8 value="0" />
        <Int8 value="0" />
        <Int8 value="0" />
        <Int8 value="7" />
        <Int8 value="15:47 03-08-10" />
        <Int8 value="6" />
      </Data>
    </Element>
    <Element id="38" format="goodcom">
      <Data>
        <Int8 value=";" />
        <Int8 value="\s\rPrevious order:" />
        <Int8 value="0" />
        <Int8 value="0" />
        <Int8 value="0" />
        <Int8 value="0" />
        <Int8 value="0" />
        <Int8 value="0" />
        <Int8 value="7" />
        <Int8 value="113" />
        <Int8 value="18" />
      </Data>
    </Element>
    <Element id="39" format="goodcom">
      <Data>
        <Int8 value=";" />
        <Int8 value="\r" />
        <Int8 value="0" />
        <Int8 value="1" />
        <Int8 value="0" />
        <Int8 value="0" />
        <Int8 value="0" />
        <Int8 value="0" />
        <Int8 value="7" />
        <Int8 value="7" />
        <Int8 value="12" />
      </Data>
    </Element>
    <Element id="40" format="goodcom">
      <Data>
        <Int8 value=";" />
        <Int8 value="\s\rPayment Card:" />
        <Int8 value="0" />
        <Int8 value="0" />
        <Int8 value="0" />
        <Int8 value="0" />
        <Int8 value="0" />
        <Int8 value="0" />
        <Int8 value="7" />
        <Int8 value="cod:" />
        <Int8 value="19" />
      </Data>
    </Element>
    <Element id="41" format="goodcom">
      <Data>
        <Int8 value=";" />
        <Int8 value="\r---------------------\rCustomer Phone:" />
        <Int8 value="0" />
        <Int8 value="0" />
        <Int8 value="0" />
        <Int8 value="0" />
        <Int8 value="0" />
        <Int8 value="0" />
        <Int8 value="7" />
        <Int8 value="008612345678" />
        <Int8 value="14" />
      </Data>
    </Element>
    <Element id="7" format="goodcom">
      <Data>
        <Int8 value="#" />
        <Int8 value="\rComments:" />
        <Int8 value="0" />
        <Int8 value="0" />
        <Int8 value="0" />
        <Int8 value="0" />
        <Int8 value="0" />
        <Int8 value="0" />
        <Int8 value="0" />
        <Int8 value="Comment" />
        <Int8 value="1" />
      </Data>
    </Element>
    <Element id="144" format="goodcom">
      <Data>
        <Int8 value="1" />
        <Int8 value="Delivery" />
        <Int8 value="0" />
        <Int8 value="0" />
        <Int8 value="0" />
        <Int8 value="0" />
        <Int8 value="0" />
        <Int8 value="0" />
        <Int8 value="0" />
        <Int8 value="2" />
        <Int8 value="3" />
      </Data>
    </Element>
    <Element id="145" format="goodcom">
      <Data>
        <Int8 value="2" />
        <Int8 value="Collection" />
        <Int8 value="0" />
        <Int8 value="0" />
        <Int8 value="0" />
        <Int8 value="0" />
        <Int8 value="0" />
        <Int8 value="0" />
        <Int8 value="0" />
        <Int8 value="3" />
        <Int8 value="4" />
      </Data>
    </Element>
    <Element id="146" format="goodcom">
      <Data>
        <Int8 value="3" />
        <Int8 value="Reservation" />
        <Int8 value="0" />
        <Int8 value="0" />
        <Int8 value="0" />
        <Int8 value="0" />
        <Int8 value="0" />
        <Int8 value="0" />
        <Int8 value="0" />
        <Int8 value="1" />
        <Int8 value="1" />
      </Data>
    </Element>
    <Element id="147" format="goodcom">
      <Data>
        <Int8 value="4" />
        <Int8 value="Verified" />
        <Int8 value="0" />
        <Int8 value="0" />
        <Int8 value="0" />
        <Int8 value="0" />
        <Int8 value="0" />
        <Int8 value="0" />
        <Int8 value="0" />
        <Int8 value="3" />
        <Int8 value="8" />
      </Data>
    </Element>
    <Element id="148" format="goodcom">
      <Data>
        <Int8 value="5" />
        <Int8 value="Not verified" />
        <Int8 value="0" />
        <Int8 value="0" />
        <Int8 value="0" />
        <Int8 value="0" />
        <Int8 value="0" />
        <Int8 value="0" />
        <Int8 value="0" />
        <Int8 value="7" />
        <Int8 value="4" />
      </Data>
    </Element>
    <Element id="149" format="goodcom">
      <Data>
        <Int8 value="6" />
        <Int8 value="Order Paid" />
        <Int8 value="0" />
        <Int8 value="0" />
        <Int8 value="0" />
        <Int8 value="0" />
        <Int8 value="0" />
        <Int8 value="0" />
        <Int8 value="0" />
        <Int8 value="2" />
        <Int8 value="7" />
      </Data>
    </Element>
    <Element id="150" format="goodcom">
      <Data>
        <Int8 value="7" />
        <Int8 value="Order Not Paid" />
        <Int8 value="0" />
        <Int8 value="0" />
        <Int8 value="0" />
        <Int8 value="0" />
        <Int8 value="0" />
        <Int8 value="0" />
        <Int8 value="0" />
        <Int8 value="7" />
        <Int8 value="9" />
      </Data>
    </Element>
    <Element id="160" format="goodcom">
      <Data>
        <Int8 value="14" />
        <Int8 value="\aCurry" />
        <Int8 value="0" />
        <Int8 value="0" />
        <Int8 value="0" />
        <Int8 value="0" />
        <Int8 value="0" />
        <Int8 value="0" />
        <Int8 value="0" />
        <Int8 value="3" />
        <Int8 value="1" />
      </Data>
    </Element>
    <Element id="161" format="goodcom">
      <Data>
        <Int8 value="13" />
        <Int8 value="\aChinese Noodle" />
        <Int8 value="0" />
        <Int8 value="0" />
        <Int8 value="0" />
        <Int8 value="0" />
        <Int8 value="0" />
        <Int8 value="0" />
        <Int8 value="0" />
        <Int8 value="9" />
        <Int8 value="18" />
      </Data>
    </Element>
    <Element id="162" format="goodcom">
      <Data>
        <Int8 value="12" />
        <Int8 value="\aHawawain Pizza" />
        <Int8 value="0" />
        <Int8 value="0" />
        <Int8 value="0" />
        <Int8 value="0" />
        <Int8 value="0" />
        <Int8 value="0" />
        <Int8 value="0" />
        <Int8 value="16" />
        <Int8 value="15" />
      </Data>
    </Element>
    <Element id="163" format="goodcom">
      <Data>
        <Int8 value="11" />
        <Int8 value="\aTikka Masala" />
        <Int8 value="0" />
        <Int8 value="0" />
        <Int8 value="0" />
        <Int8 value="0" />
        <Int8 value="0" />
        <Int8 value="0" />
        <Int8 value="0" />
        <Int8 value="10" />
        <Int8 value="2" />
      </Data>
    </Element>
    <Element id="164" format="goodcom">
      <Data>
        <Int8 value="10" />
        <Int8 value="\aSuper Size" />
        <Int8 value="0" />
        <Int8 value="0" />
        <Int8 value="0" />
        <Int8 value="0" />
        <Int8 value="0" />
        <Int8 value="0" />
        <Int8 value="0" />
        <Int8 value="8" />
        <Int8 value="6" />
      </Data>
    </Element>
    <Element id="165" format="goodcom">
      <Data>
        <Int8 value="9" />
        <Int8 value="\aMedium" />
        <Int8 value="0" />
        <Int8 value="0" />
        <Int8 value="0" />
        <Int8 value="0" />
        <Int8 value="0" />
        <Int8 value="0" />
        <Int8 value="0" />
        <Int8 value="0" />
        <Int8 value="2" />
      </Data>
    </Element>
    <Element id="166" format="goodcom">
      <Data>
        <Int8 value="8" />
        <Int8 value="\aLarge" />
        <Int8 value="0" />
        <Int8 value="0" />
        <Int8 value="0" />
        <Int8 value="0" />
        <Int8 value="0" />
        <Int8 value="0" />
        <Int8 value="0" />
        <Int8 value="4" />
        <Int8 value="8" />
      </Data>
    </Element>
    <Element id="167" format="goodcom">
      <Data>
        <Int8 value="7" />
        <Int8 value="\aStuffed thin crust" />
        <Int8 value="0" />
        <Int8 value="0" />
        <Int8 value="0" />
        <Int8 value="0" />
        <Int8 value="0" />
        <Int8 value="0" />
        <Int8 value="0" />
        <Int8 value="6" />
        <Int8 value="5" />
      </Data>
    </Element>
    <Element id="168" format="goodcom">
      <Data>
        <Int8 value="6" />
        <Int8 value="\aThink Crust" />
        <Int8 value="0" />
        <Int8 value="0" />
        <Int8 value="0" />
        <Int8 value="0" />
        <Int8 value="0" />
        <Int8 value="0" />
        <Int8 value="0" />
        <Int8 value="10" />
        <Int8 value="9" />
      </Data>
    </Element>
    <Element id="169" format="goodcom">
      <Data>
        <Int8 value="5" />
        <Int8 value="\aDeep Pan" />
        <Int8 value="0" />
        <Int8 value="0" />
        <Int8 value="0" />
        <Int8 value="0" />
        <Int8 value="0" />
        <Int8 value="0" />
        <Int8 value="0" />
        <Int8 value="10" />
        <Int8 value="10" />
      </Data>
    </Element>
    <Element id="177" format="goodcom">
      <Data>
        <Int8 value="4" />
        <Int8 value="\aKing Prawn" />
        <Int8 value="0" />
        <Int8 value="0" />
        <Int8 value="0" />
        <Int8 value="0" />
        <Int8 value="0" />
        <Int8 value="0" />
        <Int8 value="0" />
        <Int8 value="6" />
        <Int8 value="1" />
      </Data>
    </Element>
    <Element id="178" format="goodcom">
      <Data>
        <Int8 value="3" />
        <Int8 value="\aPrawn" />
        <Int8 value="0" />
        <Int8 value="0" />
        <Int8 value="0" />
        <Int8 value="0" />
        <Int8 value="0" />
        <Int8 value="0" />
        <Int8 value="0" />
        <Int8 value="13" />
        <Int8 value="8" />
      </Data>
    </Element>
    <Element id="179" format="goodcom">
      <Data>
        <Int8 value="2" />
        <Int8 value="\aChicken" />
        <Int8 value="0" />
        <Int8 value="0" />
        <Int8 value="0" />
        <Int8 value="0" />
        <Int8 value="0" />
        <Int8 value="0" />
        <Int8 value="0" />
        <Int8 value="9" />
        <Int8 value="3" />
      </Data>
    </Element>
    <Element id="180" format="goodcom">
      <Data>
        <Int8 value="1" />
        <Int8 value="\aLamb" />
        <Int8 value="0" />
        <Int8 value="0" />
        <Int8 value="0" />
        <Int8 value="0" />
        <Int8 value="0" />
        <Int8 value="0" />
        <Int8 value="0" />
        <Int8 value="4" />
        <Int8 value="14" />
      </Data>
    </Element>
  </Elements>
</GOODCOM>
